name,year,url
MARBURY v. MADISON,1803,https://caselaw.findlaw.com/us-supreme-court/5/137.html
GIBBONS v. OGDEN,1824,https://caselaw.findlaw.com/us-supreme-court/22/1.html
WORCESTER v. STATE OF GA.,1832,https://caselaw.findlaw.com/us-supreme-court/31/515.html
DRED SCOTT v. SANDFORD,1856,https://caselaw.findlaw.com/us-supreme-court/60/393.html
MUNN v. STATE OF ILLINOIS,1876,https://caselaw.findlaw.com/us-supreme-court/94/113.html
LOCHNER v. PEOPLE OF STATE OF NEW YORK,1905,https://caselaw.findlaw.com/us-supreme-court/198/45.html
ABRAMS v. U S,1919,https://caselaw.findlaw.com/us-supreme-court/250/616.html
COM. OF MASSACHUSETTS v. MELLON,1923,https://caselaw.findlaw.com/us-supreme-court/262/447.html
BROWN v. BOARD OF EDUCATION,1954,https://caselaw.findlaw.com/us-supreme-court/347/483.html
BUCK v. BELL(1927),1927,https://caselaw.findlaw.com/us-supreme-court/274/200.html
CHARLES RIVER BRIDGE v. WARREN BRIDGE,1837,https://caselaw.findlaw.com/us-supreme-court/36/420.html
NEAR v.MINNESOTA,1931,https://caselaw.findlaw.com/us-supreme-court/283/697.html
WICKARD v. FILBURN,1942,https://caselaw.findlaw.com/us-supreme-court/317/111.html
MAPP v. OHIO,1961,https://caselaw.findlaw.com/us-supreme-court/367/643.html
ENGEL v. VITALE,1962,https://caselaw.findlaw.com/us-supreme-court/370/421.html
GIDEON v. WAINWRIGHT,1963,https://caselaw.findlaw.com/us-supreme-court/372/335.html
REYNOLDS v. SIMS,1964,https://caselaw.findlaw.com/us-supreme-court/377/533.html
ATLANTA MOTEL v. UNITED STATES,1964,https://caselaw.findlaw.com/us-supreme-court/379/241.html
NEW YORK TIMES CO. v. SULLIVAN,1964,https://caselaw.findlaw.com/us-supreme-court/376/254.html
MIRANDA v. ARIZONA,1966,https://caselaw.findlaw.com/us-supreme-court/384/436.html
LOVING v. VIRGINIA,1967,https://caselaw.findlaw.com/us-supreme-court/388/1.html
TERRY v. OHIO,1968,https://caselaw.findlaw.com/us-supreme-court/392/1.html
BRANDENBURG v. OHIO,1969,https://caselaw.findlaw.com/us-supreme-court/395/444.html
PHILLIPS v. MARTIN MARIETTA CORP.,1971,https://caselaw.findlaw.com/us-supreme-court/400/542.html
WISCONSIN v. YODER,1972,https://caselaw.findlaw.com/us-supreme-court/406/205.html
ROE v. WADE,1973,https://caselaw.findlaw.com/us-supreme-court/410/113.html
SAN ANTONIO SCHOOL DISTRICT v. RODRIGUEZ,1973,https://caselaw.findlaw.com/us-supreme-court/411/1.html
UNITED STATES v. NIXON,1974,https://caselaw.findlaw.com/us-supreme-court/418/683.html
OCONNOR v. DONALDSON,1975,https://caselaw.findlaw.com/us-supreme-court/422/563.html
BUCKLEY v. VALEO,1976,https://caselaw.findlaw.com/us-supreme-court/424/1.html
FIRST NATIONAL BANK OF BOSTON v. BELLOTTI,1978,https://caselaw.findlaw.com/us-supreme-court/435/765.html
UNIVERSITY OF CALIFORNIA REGENTS v. BAKKE,1978,https://caselaw.findlaw.com/us-supreme-court/438/265.html
STRICKLAND v. WASHINGTON,1984,https://caselaw.findlaw.com/us-supreme-court/466/668.html
TEXAS v. JOHNSON,1989,https://caselaw.findlaw.com/us-supreme-court/491/397.html
MICHAEL H. v. GERALD D.,1989,https://caselaw.findlaw.com/us-supreme-court/491/110.html
"CRUZAN v. DIRECTOR, MDH",1990,https://caselaw.findlaw.com/us-supreme-court/497/261.html
LAWRENCE V. TEXAS,2003,https://caselaw.findlaw.com/us-supreme-court/539/558.html
GEORGIA v. RANDOLPH,2006,https://caselaw.findlaw.com/us-supreme-court/547/103.html
MASSACHUSETTS ET AL. v. ENVIRONMENTAL PROTECTION AGENCY ET AL.,2007,https://caselaw.findlaw.com/us-supreme-court/549/497.html
DISTRICT OF COLUMBIA ET AL. v. HELLER,2008,https://caselaw.findlaw.com/us-supreme-court/554/570.html
CITIZENS UNITED v. FEDERAL ELECTION COMMISSION,2010,https://caselaw.findlaw.com/us-supreme-court/08-205.html
"NATIONAL FEDERATION OF INDEPENDENT BUSINESS ET AL. v. SEBELIUS, SECRETARY OF HEALTH AND HUMAN SERVICES, ET AL.",2012,https://caselaw.findlaw.com/us-supreme-court/11-393.html
"OBERGEFELL ET AL. v. HODGES, DIRECTOR, OHIO DEPARTMENT OF HEALTH, ET AL.",2015,https://caselaw.findlaw.com/us-supreme-court/14-556.html
PLESSY v. FERGUSON,1896,https://caselaw.findlaw.com/us-supreme-court/163/537.html
CHEVRON US A. v. NATURAL RES. DEF. COUNCIL,1984,https://caselaw.findlaw.com/us-supreme-court/467/837.html
